{
  "startColorAlpha" : 0.1,
  "startParticleSizeVariance" : 0,
  "startColorGreen" : 0.830369,
  "sourcePositionx" : 160,
  "sourcePositiony" : 240,
  "rotatePerSecond" : 19.63831,
  "radialAcceleration" : 0,
  "yCoordFlipped" : 1,
  "emitterType" : 0,
  "blendFuncSource" : 770,
  "finishColorVarianceAlpha" : 0,
  "rotationEnd" : 0,
  "startColorVarianceBlue" : 0,
  "rotatePerSecondVariance" : 49.81812,
  "particleLifespan" : 5.28935,
  "minRadius" : 0,
  "configName" : "Teleport",
  "tangentialAcceleration" : 0,
  "rotationStart" : 0,
  "startColorVarianceGreen" : 0,
  "speed" : 92.05,
  "minRadiusVariance" : 101.0542,
  "finishColorVarianceBlue" : 0,
  "finishColorBlue" : 0.1557106,
  "finishColorGreen" : 0.9775124,
  "blendFuncDestination" : 1,
  "finishColorAlpha" : 0,
  "sourcePositionVariancex" : 0,
  "startParticleSize" : 118.5069,
  "sourcePositionVariancey" : 0,
  "startColorRed" : 0.3929054,
  "finishColorVarianceRed" : 0,
  "absolutePosition" : true,
  "textureFileName" : "Teleport.png",
  "startColorVarianceAlpha" : 0,
  "maxParticles" : 2000,
  "finishColorVarianceGreen" : 0,
  "finishParticleSize" : 0,
  "duration" : 3,
  "startColorVarianceRed" : 0,
  "finishColorRed" : 0.1401626,
  "gravityx" : 0,
  "maxRadiusVariance" : 0,
  "finishParticleSizeVariance" : 0,
  "gravityy" : 0,
  "rotationEndVariance" : 0,
  "startColorBlue" : 0.1593752,
  "rotationStartVariance" : 0,
  "speedVariance" : 0,
  "radialAccelVariance" : 0,
  "textureImageData" : "",
  "tangentialAccelVariance" : 0,
  "particleLifespanVariance" : 0,
  "angleVariance" : 360,
  "angle" : 360,
  "maxRadius" : 59.42316
}